{
  "zeroshot": {
    "rouge1": [
      0.563894523326572,
      0.5394190871369295,
      0.5619834710743802
    ],
    "rouge2": [
      0.20773930753564157,
      0.1625,
      0.17012448132780084
    ],
    "rougeL": [
      0.2961460446247465,
      0.26556016597510373,
      0.2768595041322314
    ],
    "words": [
      245,
      233,
      235
    ]
  },
  "v1": {
    "rouge1": [
      0.5708955223880597,
      0.5653021442495126,
      0.5609284332688588
    ],
    "rouge2": [
      0.1947565543071161,
      0.23874755381604695,
      0.1669902912621359
    ],
    "rougeL": [
      0.27611940298507465,
      0.2807017543859649,
      0.2475822050290135
    ],
    "words": [
      282,
      262,
      269
    ]
  },
  "v2_simple": {
    "rouge1": [
      0.5671641791044776,
      0.589010989010989,
      0.5431034482758622
    ],
    "rouge2": [
      0.22698072805139186,
      0.2119205298013245,
      0.20779220779220778
    ],
    "rougeL": [
      0.28144989339019194,
      0.28131868131868126,
      0.25431034482758624
    ],
    "words": [
      221,
      215,
      218
    ]
  },
  "v2_mapping": {
    "rouge1": [
      0.5594713656387665,
      0.5357142857142857,
      0.5664488017429193
    ],
    "rouge2": [
      0.1991150442477876,
      0.2062780269058296,
      0.2100656455142232
    ],
    "rougeL": [
      0.2687224669603524,
      0.29017857142857145,
      0.27015250544662306
    ],
    "words": [
      209,
      207,
      213
    ]
  }
}